# 通过调整 Primary Zone 实现租户扩缩容

本文介绍如何通过修改 Primary Zone，达到租户扩容的功能。

## 前提条件

调整 Primary Zone 前，需要开启租户内的数据均衡。租户内的数据均衡由租户级配置项 `enable_rebalance` 控制。该配置项在系统租户下用于控制是否进行租户间的数据均衡；用户租户下用于控制是否进行租户内均衡。默认值为 `true`，设置后不需要重启 OBServer 节点，立即生效。

开启租户内的数据均衡的语句如下：

* 系统租户开启指定租户内的数据均衡

   ```sql
   ALTER SYSTEM SET enable_rebalance = true TENANT = 'tenant_name';
   ```

   该语句仅将用户租户下配置项 `enable_rebalance` 的值设置为 `true`。

   示例：

   ```sql
   ALTER SYSTEM SET enable_rebalance = true TENANT = 'oracle';
   ```
  
* 系统租户开启租户间的数据均衡，同时开启所有租户内的数据均衡

   ```sql
   ALTER SYSTEM SET enable_rebalance = true TENANT = ALL;
   ```

   该语句表示系统租户下和用户租户下配置项 `enable_rebalance` 的值均为 `true`。

* 用户租户开启本租户内的数据均衡

   ```sql
   ALTER SYSTEM SET enable_rebalance = true;
   ```

更多配置项 enable_rebalance 的详细说明，请参见 [enable_rebalance](../../../../7.reference/5.system-reference/1.system-configuration-items/3.cluster-level-configuration-items/79.enable_rebalance.md)。

## 增加 Primary Zone

1. 使用 `root` 用户登录到集群的 `sys` 租户。

    ```shell
    obclient -h172.30.xxx.xxx -P2883 -uroot@sys -pxxxx -A
    ```

2. 进入 `oceanbase` 数据库。

    ```sql
    use oceanbase;
    ```

3. 查询租户 `mq_t1` 的基本信息，例如 `locality`、`primary zone` 等属性。

   ```sql
   SELECT * FROM oceanbase.DBA_OB_TENANTS WHERE tenant_id = 1004;
   ```

   查询结果如下：

   ```shell
   +-----------+-------------+-------------+----------------------------+----------------------------+-------------------+---------------------------------------------+-------------------+--------------------+--------+---------------+--------+-------------+-------------------+------------------+---------------------+---------------------+---------------------+---------------------+--------------+----------------------------+----------+------------+
   | TENANT_ID | TENANT_NAME | TENANT_TYPE | CREATE_TIME                | MODIFY_TIME                | PRIMARY_ZONE      | LOCALITY                                    | PREVIOUS_LOCALITY | COMPATIBILITY_MODE | STATUS | IN_RECYCLEBIN | LOCKED | TENANT_ROLE | SWITCHOVER_STATUS | SWITCHOVER_EPOCH | SYNC_SCN            | REPLAYABLE_SCN      | READABLE_SCN        | RECOVERY_UNTIL_SCN  | LOG_MODE     | ARBITRATION_SERVICE_STATUS | UNIT_NUM | COMPATIBLE |
   +-----------+-------------+-------------+----------------------------+----------------------------+-------------------+---------------------------------------------+-------------------+--------------------+--------+---------------+--------+-------------+-------------------+------------------+---------------------+---------------------+---------------------+---------------------+--------------+----------------------------+----------+------------+
   |      1004 | mq_t1       | USER        | 2023-07-01 19:16:39.739258 | 2023-07-03 14:39:47.409845 | zone1;zone2;zone3 | FULL{1}@zone1, FULL{1}@zone2, FULL{1}@zone3 | NULL              | ORACLE             | NORMAL | NO            | NO     | PRIMARY     | NORMAL            |                0 | 1688366766761651752 | 1688366766761651752 | 1688366766761651751 | 4611686018427387903 | NOARCHIVELOG | DISABLED                   |        2 | 4.2.0.0    |
   +-----------+-------------+-------------+----------------------------+----------------------------+-------------------+---------------------------------------------+-------------------+--------------------+--------+---------------+--------+-------------+-------------------+------------------+---------------------+---------------------+---------------------+---------------------+--------------+----------------------------+----------+------------+
   1 row in set
   ```

4. 查询租户 `mq_t1` 的 Unit 信息，在单个 Zone 的 `unit num` 为 2。

   ```sql
   SELECT * FROM oceanbase.DBA_OB_UNITS WHERE tenant_id = 1004;
   ```

   查询结果如下：

   ```shell
   +---------+-----------+--------+------------------+---------------+----------------------------+----------------------------+-------+----------------+----------+---------------------+-----------------------+----------------+----------------+---------+---------+-------------+---------------+----------+----------+-------------+
   | UNIT_ID | TENANT_ID | STATUS | RESOURCE_POOL_ID | UNIT_GROUP_ID | CREATE_TIME                | MODIFY_TIME                | ZONE  | SVR_IP         | SVR_PORT | MIGRATE_FROM_SVR_IP | MIGRATE_FROM_SVR_PORT | MANUAL_MIGRATE | UNIT_CONFIG_ID | MAX_CPU | MIN_CPU | MEMORY_SIZE | LOG_DISK_SIZE | MAX_IOPS | MIN_IOPS | IOPS_WEIGHT |
   +---------+-----------+--------+------------------+---------------+----------------------------+----------------------------+-------+----------------+----------+---------------------+-----------------------+----------------+----------------+---------+---------+-------------+---------------+----------+----------+-------------+
   |    1008 |      1004 | ACTIVE |             1002 |          1002 | 2023-07-01 19:15:09.723840 | 2023-07-01 19:16:39.744524 | zone1 | xx.xx.xx.198   |     2882 | NULL                |                  NULL | NULL           |           1001 |       2 |       2 |  5368709120 |   16106127360 |    20000 |    20000 |           2 |
   |    1010 |      1004 | ACTIVE |             1002 |          1002 | 2023-07-01 19:15:09.727011 | 2023-07-01 19:16:39.744524 | zone2 | xx.xx.xx.197   |     2882 | NULL                |                  NULL | NULL           |           1001 |       2 |       2 |  5368709120 |   16106127360 |    20000 |    20000 |           2 |
   |    1012 |      1004 | ACTIVE |             1002 |          1002 | 2023-07-01 19:15:09.731235 | 2023-07-01 19:16:39.745584 | zone3 | xx.xx.xx.192   |     2882 | NULL                |                  NULL | NULL           |           1001 |       2 |       2 |  5368709120 |   16106127360 |    20000 |    20000 |           2 |
   |    1016 |      1004 | ACTIVE |             1002 |          1006 | 2023-07-03 14:23:00.298237 | 2023-07-03 14:23:00.298237 | zone1 | xx.xx.xx.196   |     2882 | NULL                |                  NULL | NULL           |           1001 |       2 |       2 |  5368709120 |   16106127360 |    20000 |    20000 |           2 |
   |    1017 |      1004 | ACTIVE |             1002 |          1006 | 2023-07-03 14:23:00.300350 | 2023-07-03 14:23:00.300350 | zone2 | xx.xx.xx.194   |     2882 | NULL                |                  NULL | NULL           |           1001 |       2 |       2 |  5368709120 |   16106127360 |    20000 |    20000 |           2 |
   |    1018 |      1004 | ACTIVE |             1002 |          1006 | 2023-07-03 14:23:00.302460 | 2023-07-03 14:23:00.302460 | zone3 | xx.xx.xx.64    |     2882 | NULL                |                  NULL | NULL           |           1001 |       2 |       2 |  5368709120 |   16106127360 |    20000 |    20000 |           2 |
   +---------+-----------+--------+------------------+---------------+----------------------------+----------------------------+-------+----------------+----------+---------------------+-----------------------+----------------+----------------+---------+---------+-------------+---------------+----------+----------+-------------+
   6 rows in set
   ```

5. 查询租户 `mq_t1` 的日志流信息，对应 `unit num` 为 2 和 `primary zone` 为 1，因此日志流个数为 2。

   ```sql
   SELECT * FROM oceanbase.CDB_OB_LS WHERE tenant_id = 1004;
   ```

   查询结果如下：

   ```shell
   +-----------+-------+--------+-------------------+---------------+-------------+---------------------+----------+---------------------+---------------------+------+
   | TENANT_ID | LS_ID | STATUS | PRIMARY_ZONE      | UNIT_GROUP_ID | LS_GROUP_ID | CREATE_SCN          | DROP_SCN | SYNC_SCN            | READABLE_SCN        | FLAG |
   +-----------+-------+--------+-------------------+---------------+-------------+---------------------+----------+---------------------+---------------------+------+
   |      1004 |     1 | NORMAL | zone1;zone2;zone3 |             0 |           0 |                NULL |     NULL | 1688366970048273007 | 1688366970048273007 |      |
   |      1004 |  1002 | NORMAL | zone1;zone2;zone3 |          1002 |        1002 | 1688210255076512987 |     NULL | 1688366970048273007 | 1688366970048273007 |      |
   |      1004 |  1003 | NORMAL | zone1;zone2;zone3 |          1006 |        1003 | 1688365387917989511 |     NULL | 1688366969515784365 | 1688366969015163318 |      |
   +-----------+-------+--------+-------------------+---------------+-------------+---------------------+----------+---------------------+---------------------+------+
   3 rows in set
   ```

6. 修改租户 `mq_t1` 的 `PRIMARY_ZONE` 属性，从 1 调整为 2 。

   ```sql
   ALTER TENANT mq_t1 PRIMARY_ZONE='zone1,zone2;zone3'; 
   ```

7. 查询租户 `mq_t1` 的基本信息，确认 `PRIMARY_ZONE` 属性修改成功，由 `sa128_obv4_1` 变更为 `sa128_obv4_1,sa128_obv4_2`。

   ```sql
   SELECT * FROM oceanbase.DBA_OB_TENANTS WHERE tenant_id = 1004;
   ```

   查询结果如下：

   ```shell
   +-----------+-------------+-------------+----------------------------+----------------------------+-------------------+---------------------------------------------+-------------------+--------------------+--------+---------------+--------+-------------+-------------------+------------------+---------------------+---------------------+---------------------+---------------------+--------------+----------------------------+----------+------------+
   | TENANT_ID | TENANT_NAME | TENANT_TYPE | CREATE_TIME                | MODIFY_TIME                | PRIMARY_ZONE      | LOCALITY                                    | PREVIOUS_LOCALITY | COMPATIBILITY_MODE | STATUS | IN_RECYCLEBIN | LOCKED | TENANT_ROLE | SWITCHOVER_STATUS | SWITCHOVER_EPOCH | SYNC_SCN            | REPLAYABLE_SCN      | READABLE_SCN        | RECOVERY_UNTIL_SCN  | LOG_MODE     | ARBITRATION_SERVICE_STATUS | UNIT_NUM | COMPATIBLE |
   +-----------+-------------+-------------+----------------------------+----------------------------+-------------------+---------------------------------------------+-------------------+--------------------+--------+---------------+--------+-------------+-------------------+------------------+---------------------+---------------------+---------------------+---------------------+--------------+----------------------------+----------+------------+
   |      1004 |  mq_t1      | USER        | 2023-07-01 19:16:39.739258 | 2023-07-03 14:52:38.639769 | zone1,zone2;zone3 | FULL{1}@zone1, FULL{1}@zone2, FULL{1}@zone3 | NULL              | ORACLE             | NORMAL | NO            | NO     | PRIMARY     | NORMAL            |                0 | 1688367181014913489 | 1688367181014913489 | 1688367181014913488 | 4611686018427387903 | NOARCHIVELOG | DISABLED                   |        2 | 4.2.0.0    |
   +-----------+-------------+-------------+----------------------------+----------------------------+-------------------+---------------------------------------------+-------------------+--------------------+--------+---------------+--------+-------------+-------------------+------------------+---------------------+---------------------+---------------------+---------------------+--------------+----------------------------+----------+------------+
   1 row in set
   ```

8. 查询租户 `mq_t1` 的 Unit 信息，变更前后 `unit num` 保持不变。

   ```sql
   SELECT * FROM oceanbase.DBA_OB_UNITS WHERE tenant_id = 1004;
   ```

   查询结果如下：

   ```shell
   +---------+-----------+--------+------------------+---------------+----------------------------+----------------------------+-------+----------------+----------+---------------------+-----------------------+----------------+----------------+---------+---------+-------------+---------------+----------+----------+-------------+
   | UNIT_ID | TENANT_ID | STATUS | RESOURCE_POOL_ID | UNIT_GROUP_ID | CREATE_TIME                | MODIFY_TIME                | ZONE  | SVR_IP         | SVR_PORT | MIGRATE_FROM_SVR_IP | MIGRATE_FROM_SVR_PORT | MANUAL_MIGRATE | UNIT_CONFIG_ID | MAX_CPU | MIN_CPU | MEMORY_SIZE | LOG_DISK_SIZE | MAX_IOPS | MIN_IOPS | IOPS_WEIGHT |
   +---------+-----------+--------+------------------+---------------+----------------------------+----------------------------+-------+----------------+----------+---------------------+-----------------------+----------------+----------------+---------+---------+-------------+---------------+----------+----------+-------------+
   |    1008 |      1004 | ACTIVE |             1002 |          1002 | 2023-07-01 19:15:09.723840 | 2023-07-01 19:16:39.744524 | zone1 | xx.xx.xx.198   |     2882 | NULL                |                  NULL | NULL           |           1001 |       2 |       2 |  5368709120 |   16106127360 |    20000 |    20000 |           2 |
   |    1010 |      1004 | ACTIVE |             1002 |          1002 | 2023-07-01 19:15:09.727011 | 2023-07-01 19:16:39.744524 | zone2 | xx.xx.xx.197   |     2882 | NULL                |                  NULL | NULL           |           1001 |       2 |       2 |  5368709120 |   16106127360 |    20000 |    20000 |           2 |
   |    1012 |      1004 | ACTIVE |             1002 |          1002 | 2023-07-01 19:15:09.731235 | 2023-07-01 19:16:39.745584 | zone3 | xx.xx.xx.192   |     2882 | NULL                |                  NULL | NULL           |           1001 |       2 |       2 |  5368709120 |   16106127360 |    20000 |    20000 |           2 |
   |    1016 |      1004 | ACTIVE |             1002 |          1006 | 2023-07-03 14:23:00.298237 | 2023-07-03 14:23:00.298237 | zone1 | xx.xx.xx.196   |     2882 | NULL                |                  NULL | NULL           |           1001 |       2 |       2 |  5368709120 |   16106127360 |    20000 |    20000 |           2 |
   |    1017 |      1004 | ACTIVE |             1002 |          1006 | 2023-07-03 14:23:00.300350 | 2023-07-03 14:23:00.300350 | zone2 | xx.xx.xx.194   |     2882 | NULL                |                  NULL | NULL           |           1001 |       2 |       2 |  5368709120 |   16106127360 |    20000 |    20000 |           2 |
   |    1018 |      1004 | ACTIVE |             1002 |          1006 | 2023-07-03 14:23:00.302460 | 2023-07-03 14:23:00.302460 | zone3 | xx.xx.xx.64    |     2882 | NULL                |                  NULL | NULL           |           1001 |       2 |       2 |  5368709120 |   16106127360 |    20000 |    20000 |           2 |
   +---------+-----------+--------+------------------+---------------+----------------------------+----------------------------+-------+----------------+----------+---------------------+-----------------------+----------------+----------------+---------+---------+-------------+---------------+----------+----------+-------------+
   6 rows in set
   ```

9. 查询租户 `mq_t1` 的日志流信息，变更前为 2，变更后为 4。

   ```shell
   SELECT * FROM oceanbase.CDB_OB_LS WHERE tenant_id = 1004;
   ```

   查询结果如下：

   ```shell
   +-----------+-------+--------+-------------------+---------------+-------------+---------------------+----------+---------------------+---------------------+------+
   | TENANT_ID | LS_ID | STATUS | PRIMARY_ZONE      | UNIT_GROUP_ID | LS_GROUP_ID | CREATE_SCN          | DROP_SCN | SYNC_SCN            | READABLE_SCN        | FLAG |
   +-----------+-------+--------+-------------------+---------------+-------------+---------------------+----------+---------------------+---------------------+------+
   |      1004 |     1 | NORMAL | zone1;zone2;zone3 |             0 |           0 |                NULL |     NULL | 1688367340565073477 | 1688367340565073477 |      |
   |      1004 |  1002 | NORMAL | zone1;zone2;zone3 |          1002 |        1002 | 1688210255076512987 |     NULL | 1688367340565073477 | 1688367340565073477 |      |
   |      1004 |  1003 | NORMAL | zone1;zone2;zone3 |          1006 |        1003 | 1688365387917989511 |     NULL | 1688367340482412515 | 1688367340482412514 |      |
   |      1004 |  1006 | NORMAL | zone2;zone1;zone3 |          1002 |        1002 | 1688367168643316621 |     NULL | 1688367340653625625 | 1688367340653625624 |      |
   |      1004 |  1007 | NORMAL | zone2;zone1;zone3 |          1006 |        1003 | 1688367168646769301 |     NULL | 1688367340719712839 | 1688367340719712838 |      |
   +-----------+-------+--------+-------------------+---------------+-------------+---------------------+----------+---------------------+---------------------+------+
   5 rows in set
   ```

通过上述示例，将租户 `mq_t1` 的 Primary Zone 的 Zone 个数从 1 变更为 2。变更前租户在每个 Zone 的 Unit 个数为 2，对应的日志流个数为 2；变更后租户在每个 Zone 的 Unit 个数保持不变，但 Primary Zone 个数从 1 变更为 2，从而对应的日志流个数变更为 4。变更后租户的服务节点从 2 扩容为 4，从而实现了租户扩容。

## 减少 Primary Zone

1. 使用 `root` 用户登录到集群的 `sys` 租户。

    ```shell
    obclient -h172.30.xxx.xxx -P2883 -uroot@sys -pxxxx -A
    ```

2. 进入 `oceanbase` 数据库。

    ```sql
    use oceanbase;
    ```

3. 查询租户 `mq_t1` 的基本信息，例如 `locality`、`primary zone` 等属性。

   ```sql
   SELECT * FROM oceanbase.DBA_OB_TENANTS WHERE tenant_id = 1004;
   ```

   查询结果如下：

   ```shell
   +-----------+-------------+-------------+----------------------------+----------------------------+-------------------+---------------------------------------------+-------------------+--------------------+--------+---------------+--------+-------------+-------------------+------------------+---------------------+---------------------+---------------------+---------------------+--------------+----------------------------+----------+------------+
   | TENANT_ID | TENANT_NAME | TENANT_TYPE | CREATE_TIME                | MODIFY_TIME                | PRIMARY_ZONE      | LOCALITY                                    | PREVIOUS_LOCALITY | COMPATIBILITY_MODE | STATUS | IN_RECYCLEBIN | LOCKED | TENANT_ROLE | SWITCHOVER_STATUS | SWITCHOVER_EPOCH | SYNC_SCN            | REPLAYABLE_SCN      | READABLE_SCN        | RECOVERY_UNTIL_SCN  | LOG_MODE     | ARBITRATION_SERVICE_STATUS | UNIT_NUM | COMPATIBLE |
   +-----------+-------------+-------------+----------------------------+----------------------------+-------------------+---------------------------------------------+-------------------+--------------------+--------+---------------+--------+-------------+-------------------+------------------+---------------------+---------------------+---------------------+---------------------+--------------+----------------------------+----------+------------+
   |      1004 | mq_t1       | USER        | 2023-07-01 19:16:39.739258 | 2023-07-03 14:34:26.944961 | zone1,zone2;zone3 | FULL{1}@zone1, FULL{1}@zone2, FULL{1}@zone3 | NULL              | ORACLE             | NORMAL | NO            | NO     | PRIMARY     | NORMAL            |                0 | 1688366177567368939 | 1688366177567368939 | 1688366177432837207 | 4611686018427387903 | NOARCHIVELOG | DISABLED                   |        2 | 4.2.0.0    |
   +-----------+-------------+-------------+----------------------------+----------------------------+-------------------+---------------------------------------------+-------------------+--------------------+--------+---------------+--------+-------------+-------------------+------------------+---------------------+---------------------+---------------------+---------------------+--------------+----------------------------+----------+------------+
   1 row in set
   ```

4. 查询租户 `mq_t1` 的 Unit 信息，在单个 Zone 的 `unit num` 为 2。

   ```sql
   SELECT * FROM oceanbase.DBA_OB_UNITS WHERE tenant_id = 1004;
   ```

   查询结果如下：

   ```shell
   +---------+-----------+--------+------------------+---------------+----------------------------+----------------------------+-------+----------------+----------+---------------------+-----------------------+----------------+----------------+---------+---------+-------------+---------------+----------+----------+-------------+
   | UNIT_ID | TENANT_ID | STATUS | RESOURCE_POOL_ID | UNIT_GROUP_ID | CREATE_TIME                | MODIFY_TIME                | ZONE  | SVR_IP         | SVR_PORT | MIGRATE_FROM_SVR_IP | MIGRATE_FROM_SVR_PORT | MANUAL_MIGRATE | UNIT_CONFIG_ID | MAX_CPU | MIN_CPU | MEMORY_SIZE | LOG_DISK_SIZE | MAX_IOPS | MIN_IOPS | IOPS_WEIGHT |
   +---------+-----------+--------+------------------+---------------+----------------------------+----------------------------+-------+----------------+----------+---------------------+-----------------------+----------------+----------------+---------+---------+-------------+---------------+----------+----------+-------------+
   |    1008 |      1004 | ACTIVE |             1002 |          1002 | 2023-07-01 19:15:09.723840 | 2023-07-01 19:16:39.744524 | zone1 | xx.xx.xx.198   |     2882 | NULL                |                  NULL | NULL           |           1001 |       2 |       2 |  5368709120 |   16106127360 |    20000 |    20000 |           2 |
   |    1010 |      1004 | ACTIVE |             1002 |          1002 | 2023-07-01 19:15:09.727011 | 2023-07-01 19:16:39.744524 | zone2 | xx.xx.xx.197   |     2882 | NULL                |                  NULL | NULL           |           1001 |       2 |       2 |  5368709120 |   16106127360 |    20000 |    20000 |           2 |
   |    1012 |      1004 | ACTIVE |             1002 |          1002 | 2023-07-01 19:15:09.731235 | 2023-07-01 19:16:39.745584 | zone3 | xx.xx.xx.192   |     2882 | NULL                |                  NULL | NULL           |           1001 |       2 |       2 |  5368709120 |   16106127360 |    20000 |    20000 |           2 |
   |    1016 |      1004 | ACTIVE |             1002 |          1006 | 2023-07-03 14:23:00.298237 | 2023-07-03 14:23:00.298237 | zone1 | xx.xx.xx.196   |     2882 | NULL                |                  NULL | NULL           |           1001 |       2 |       2 |  5368709120 |   16106127360 |    20000 |    20000 |           2 |
   |    1017 |      1004 | ACTIVE |             1002 |          1006 | 2023-07-03 14:23:00.300350 | 2023-07-03 14:23:00.300350 | zone2 | xx.xx.xx.194   |     2882 | NULL                |                  NULL | NULL           |           1001 |       2 |       2 |  5368709120 |   16106127360 |    20000 |    20000 |           2 |
   |    1018 |      1004 | ACTIVE |             1002 |          1006 | 2023-07-03 14:23:00.302460 | 2023-07-03 14:23:00.302460 | zone3 | xx.xx.xx.64    |     2882 | NULL                |                  NULL | NULL           |           1001 |       2 |       2 |  5368709120 |   16106127360 |    20000 |    20000 |           2 |
   +---------+-----------+--------+------------------+---------------+----------------------------+----------------------------+-------+----------------+----------+---------------------+-----------------------+----------------+----------------+---------+---------+-------------+---------------+----------+----------+-------------+
   6 rows in set
   ```

5. 查询租户 `mq_t1` 的日志流信息，对应 `unit num` 为 2 和 `primary zone` 为 2，因此日志流个数为 4。

   ```sql
   SELECT * FROM oceanbase.CDB_OB_LS WHERE tenant_id = 1004;
   ```

   查询结果如下：

   ```shell
   +-----------+-------+--------+-------------------+---------------+-------------+---------------------+----------+---------------------+---------------------+------+
   | TENANT_ID | LS_ID | STATUS | PRIMARY_ZONE      | UNIT_GROUP_ID | LS_GROUP_ID | CREATE_SCN          | DROP_SCN | SYNC_SCN            | READABLE_SCN        | FLAG |
   +-----------+-------+--------+-------------------+---------------+-------------+---------------------+----------+---------------------+---------------------+------+
   |      1004 |     1 | NORMAL | zone1;zone2;zone3 |             0 |           0 |                NULL |     NULL | 1688367340565073477 | 1688367340565073477 |      |
   |      1004 |  1002 | NORMAL | zone1;zone2;zone3 |          1002 |        1002 | 1688210255076512987 |     NULL | 1688367340565073477 | 1688367340565073477 |      |
   |      1004 |  1003 | NORMAL | zone1;zone2;zone3 |          1006 |        1003 | 1688365387917989511 |     NULL | 1688367340482412515 | 1688367340482412514 |      |
   |      1004 |  1006 | NORMAL | zone2;zone1;zone3 |          1002 |        1002 | 1688367168643316621 |     NULL | 1688367340653625625 | 1688367340653625624 |      |
   |      1004 |  1007 | NORMAL | zone2;zone1;zone3 |          1006 |        1003 | 1688367168646769301 |     NULL | 1688367340719712839 | 1688367340719712838 |      |
   +-----------+-------+--------+-------------------+---------------+-------------+---------------------+----------+---------------------+---------------------+------+
   5 rows in set
   ```

6. 修改租户 `mq_t1` 的 `PRIMARY_ZONE` 属性，第一优先级 Zone 的个数从 2 调整为 1。

   ```sql
   ALTER TENANT mq_t1 PRIMARY_ZONE='zone1;zone2,zone3'; 
   ```

7. 查询租户 `mq_t1` 的基本信息，确认 `PRIMARY_ZONE` 属性修改成功，由 `zone1,zone2` 变更为 `zone1`。

   ```sql
   SELECT * FROM oceanbase.DBA_OB_TENANTS WHERE tenant_id = 1004;
   ```

   查询结果如下：

   ```shell
   +-----------+-------------+-------------+----------------------------+----------------------------+-------------------+---------------------------------------------+-------------------+--------------------+--------+---------------+--------+-------------+-------------------+------------------+---------------------+---------------------+---------------------+---------------------+--------------+----------------------------+----------+------------+
   | TENANT_ID | TENANT_NAME | TENANT_TYPE | CREATE_TIME                | MODIFY_TIME                | PRIMARY_ZONE      | LOCALITY                                    | PREVIOUS_LOCALITY | COMPATIBILITY_MODE | STATUS | IN_RECYCLEBIN | LOCKED | TENANT_ROLE | SWITCHOVER_STATUS | SWITCHOVER_EPOCH | SYNC_SCN            | REPLAYABLE_SCN      | READABLE_SCN        | RECOVERY_UNTIL_SCN  | LOG_MODE     | ARBITRATION_SERVICE_STATUS | UNIT_NUM | COMPATIBLE |
   +-----------+-------------+-------------+----------------------------+----------------------------+-------------------+---------------------------------------------+-------------------+--------------------+--------+---------------+--------+-------------+-------------------+------------------+---------------------+---------------------+---------------------+---------------------+--------------+----------------------------+----------+------------+
   |      1004 | mq_t1       | USER        | 2023-07-01 19:16:39.739258 | 2023-07-03 15:02:28.600516 | zone1;zone2,zone3 | FULL{1}@zone1, FULL{1}@zone2, FULL{1}@zone3 | NULL              | ORACLE             | NORMAL | NO            | NO     | PRIMARY     | NORMAL            |                0 | 1688367783544758489 | 1688367783544758489 | 1688367783544758488 | 4611686018427387903 | NOARCHIVELOG | DISABLED                   |        2 | 4.2.0.0    |
   +-----------+-------------+-------------+----------------------------+----------------------------+-------------------+---------------------------------------------+-------------------+--------------------+--------+---------------+--------+-------------+-------------------+------------------+---------------------+---------------------+---------------------+---------------------+--------------+----------------------------+----------+------------+
   1 row in set
   ```

8. 再次查询租户 `mq_t1` 的 Unit 信息，变更前后 `unit num` 保持不变。

   ```sql
   SELECT * FROM oceanbase.DBA_OB_UNITS WHERE tenant_id = 1004;
   ```

   查询结果如下：

   ```shell
   +---------+-----------+--------+------------------+---------------+----------------------------+----------------------------+-------+----------------+----------+---------------------+-----------------------+----------------+----------------+---------+---------+-------------+---------------+----------+----------+-------------+
   | UNIT_ID | TENANT_ID | STATUS | RESOURCE_POOL_ID | UNIT_GROUP_ID | CREATE_TIME                | MODIFY_TIME                | ZONE  | SVR_IP         | SVR_PORT | MIGRATE_FROM_SVR_IP | MIGRATE_FROM_SVR_PORT | MANUAL_MIGRATE | UNIT_CONFIG_ID | MAX_CPU | MIN_CPU | MEMORY_SIZE | LOG_DISK_SIZE | MAX_IOPS | MIN_IOPS | IOPS_WEIGHT |
   +---------+-----------+--------+------------------+---------------+----------------------------+----------------------------+-------+----------------+----------+---------------------+-----------------------+----------------+----------------+---------+---------+-------------+---------------+----------+----------+-------------+
   |    1008 |      1004 | ACTIVE |             1002 |          1002 | 2023-07-01 19:15:09.723840 | 2023-07-01 19:16:39.744524 | zone1 | xx.xx.xx.198   |     2882 | NULL                |                  NULL | NULL           |           1001 |       2 |       2 |  5368709120 |   16106127360 |    20000 |    20000 |           2 |
   |    1010 |      1004 | ACTIVE |             1002 |          1002 | 2023-07-01 19:15:09.727011 | 2023-07-01 19:16:39.744524 | zone2 | xx.xx.xx.197   |     2882 | NULL                |                  NULL | NULL           |           1001 |       2 |       2 |  5368709120 |   16106127360 |    20000 |    20000 |           2 |
   |    1012 |      1004 | ACTIVE |             1002 |          1002 | 2023-07-01 19:15:09.731235 | 2023-07-01 19:16:39.745584 | zone3 | xx.xx.xx.192   |     2882 | NULL                |                  NULL | NULL           |           1001 |       2 |       2 |  5368709120 |   16106127360 |    20000 |    20000 |           2 |
   |    1016 |      1004 | ACTIVE |             1002 |          1006 | 2023-07-03 14:23:00.298237 | 2023-07-03 14:23:00.298237 | zone1 | xx.xx.xx.196   |     2882 | NULL                |                  NULL | NULL           |           1001 |       2 |       2 |  5368709120 |   16106127360 |    20000 |    20000 |           2 |
   |    1017 |      1004 | ACTIVE |             1002 |          1006 | 2023-07-03 14:23:00.300350 | 2023-07-03 14:23:00.300350 | zone2 | xx.xx.xx.194   |     2882 | NULL                |                  NULL | NULL           |           1001 |       2 |       2 |  5368709120 |   16106127360 |    20000 |    20000 |           2 |
   |    1018 |      1004 | ACTIVE |             1002 |          1006 | 2023-07-03 14:23:00.302460 | 2023-07-03 14:23:00.302460 | zone3 | xx.xx.xx.64    |     2882 | NULL                |                  NULL | NULL           |           1001 |       2 |       2 |  5368709120 |   16106127360 |    20000 |    20000 |           2 |
   +---------+-----------+--------+------------------+---------------+----------------------------+----------------------------+-------+----------------+----------+---------------------+-----------------------+----------------+----------------+---------+---------+-------------+---------------+----------+----------+-------------+
   6 rows in set
   ```

9. 再次查询租户 `mq_t1` 的日志流信息，变更前为 4，变更后为 2。

   ```sql
   SELECT * FROM oceanbase.CDB_OB_LS WHERE tenant_id = 1004;
   ```

   查询结果如下：

   ```shell
   +-----------+-------+--------+-------------------+---------------+-------------+---------------------+----------+---------------------+---------------------+------+
   | TENANT_ID | LS_ID | STATUS | PRIMARY_ZONE      | UNIT_GROUP_ID | LS_GROUP_ID | CREATE_SCN          | DROP_SCN | SYNC_SCN            | READABLE_SCN        | FLAG |
   +-----------+-------+--------+-------------------+---------------+-------------+---------------------+----------+---------------------+---------------------+------+
   |      1004 |     1 | NORMAL | zone1;zone2,zone3 |             0 |           0 |                NULL |     NULL | 1688367882912807852 | 1688367882912807852 |      |
   |      1004 |  1002 | NORMAL | zone1;zone2,zone3 |          1002 |        1002 | 1688210255076512987 |     NULL | 1688367882912807852 | 1688367882912807852 |      |
   |      1004 |  1003 | NORMAL | zone1;zone2,zone3 |          1006 |        1003 | 1688365387917989511 |     NULL | 1688367883172764943 | 1688367882672070884 |      |
   +-----------+-------+--------+-------------------+---------------+-------------+---------------------+----------+---------------------+---------------------+------+
   3 rows in set
   ```

通过上述示例，将租户 `mq_t1` 的 Primary Zone 的 Zone 个数从 2 变更为 1。变更前租户在每个 Zone 的 Unit 个数为 2，对应的日志流个数为 4；变更后租户在每个 Zone 的 Unit 个数保持不变，但 Primary Zone 个数从 2 变更为 1，从而对应的日志流个数变更为 2。变更后租户的服务节点从 4 缩容为 2，从而实现了租户缩容。