# Single-table queries

A single-table SQL query is performed only in one table. 

## Syntax

Syntax for single-table queries:

```sql
SELECT [ALL | DISTINCT] select_list FROM table_name
              [ WHERE query_condition ]
              [ GROUP BY group_by_expression ]
              [ HAVING group_condition ]
              [ ORDER BY column_list ][ASC | DESC]
              [ LIMIT limit_clause ]

column_list:
 column_name[,column_name...]
```

If you use the `WHERE`, `GROUP BY`, `HAVING`, `ORDER BY`, and `LIMIT` keywords in a query, these clauses are executed following a strict sequence for executing these keywords:

1. The `FROM` clause is executed to find the required table. 

2. The `WHERE` clause is executed to specify conditions. 

3. The `GROUP BY` clause is executed to group or aggregate records. If `GROUP BY` is not executed, all records are considered a group. 

4. The `HAVING` clause is executed to filter the grouped results. 

5. The `SELECT` clause is executed. 

6. The `DISTINCT` clause is executed to remove duplicate rows. 

7. The `ORDER BY` clause is executed to sort the results in ascending or descending order. 

8. Execute `LIMIT` to limit the number of records. 

  <main id="notice" type='notice'>
    <h4>Notice</h4>
    <p>The difference between the <code>WHERE</code> and <code>HAVING</code> clauses is that the <code>WHERE</code> clause filters data before grouping or aggregation, whereas the <code>HAVING</code>  clause filters data after grouping and returns the entire SQL query result.</p>
  </main>

## SELECT queries

Create tables named `emp` and `dept` and insert data into the tables. 

```sql
CREATE TABLE dept(  
    deptno           NUMBER(2,0),  
    dname            VARCHAR(14),  
    location         VARCHAR(13),   
    CONSTRAINT pk_dept PRIMARY KEY(deptno)  
);

CREATE TABLE emp(  
    empno         NUMBER(4,0),  
    empname       VARCHAR(10),  
    job           VARCHAR(9),  
    mgr           NUMBER(4,0),  
    hiredate      DATE,  
    sal           NUMBER(7,2),  
    comm          NUMBER(7,2),        
    deptno        NUMBER(2,0),   
    CONSTRAINT PK_emp PRIMARY KEY (empno),
    CONSTRAINT FK_deptno  FOREIGN KEY (deptno)  REFERENCES dept (deptno)  
);

INSERT INTO dept VALUES (20,'ACCOUNTING','Los Angeles');
INSERT INTO dept VALUES (30,'OPERATIONS','CHICAGO');
INSERT INTO dept VALUES (40,'SALES','NEW YORK');

INSERT INTO emp VALUES (1698,'BLAKE','MANAGER',1839,'1981-5-1',2850,null,30);
INSERT INTO emp VALUES (1566,'JONES','MANAGER',1839, '1981-4-2',2975,null,40);
INSERT INTO emp VALUES (1788,'SCOTT','ANALYST',1566, '1987-7-15',3000,null,20);
INSERT INTO emp VALUES (1902,'FORD','ANALYST',1566, '1981-12-5',3000,null,40);
INSERT INTO emp VALUES (1369,'SMITH','CLERK',1902, '1980-12-17',800,null,20);
INSERT INTO emp VALUES (1499,'ALLEN','SALESMAN',1698, '1981-2-20',1600,300,30);
```

### Query all columns

If you use an asterisk (`*`) when you query all data of the `emp` table, all fields in the table are returned. Example:

```sql
obclient> SELECT * FROM emp;
+-------+---------+----------+------+------------+---------+--------+--------+
| empno | empname | job      | mgr  | hiredate   | sal     | comm   | deptno |
+-------+---------+----------+------+------------+---------+--------+--------+
|  1369 | SMITH   | CLERK    | 1902 | 1980-12-17 |  800.00 |   NULL |     20 |
|  1499 | ALLEN   | SALESMAN | 1698 | 1981-02-20 | 1600.00 | 300.00 |     30 |
|  1566 | JONES   | MANAGER  | 1839 | 1981-04-02 | 2975.00 |   NULL |     40 |
|  1698 | BLAKE   | MANAGER  | 1839 | 1981-05-01 | 2850.00 |   NULL |     30 |
|  1788 | SCOTT   | ANALYST  | 1566 | 1987-07-15 | 3000.00 |   NULL |     20 |
|  1902 | FORD    | ANALYST  | 1566 | 1981-12-05 | 3000.00 |   NULL |     40 |
+-------+---------+----------+------+------------+---------+--------+--------+
6 rows in set
```

The preceding sample code is equivalent to:

```sql
obclient> SELECT empname, empno, job, mgr, hiredate, sal,comm, deptno FROM emp;
```

### Query specified columns

You can query data in specified columns based on column names. 

Example:

* Query the data in the `empname` and `deptno` columns of the `emp` table. 

   ```sql
   obclient> SELECT empname, deptno FROM emp;
   +---------+--------+
   | empname | deptno |
   +---------+--------+
   | SMITH   |     20 |
   | ALLEN   |     30 |
   | JONES   |     40 |
   | BLAKE   |     30 |
   | SCOTT   |     20 |
   | FORD    |     40 |
   +---------+--------+
   6 rows in set
   ```

* You can set an alias for a column to be queried by using the `AS + column alias` clause or directly adding an alias behind the original column name. 

   ```sql
   obclient> SELECT empname AS Employee name, deptno AS Department No. FROM emp;
   +--------------+---------------+
   | Employee name| Department No.|
   +--------------+---------------+
   | SMITH        |           20  |
   | ALLEN        |           30  |
   | JONES        |           40  |
   | BLAKE        |           30  |
   | SCOTT        |           20  |
   | FORD         |           40  |
   +--------------+---------------+
   6 rows in set

   obclient> SELECT empname 'Employee name', deptno AS 'Department No.' FROM emp;
   +--------------+---------------+
   | Employee name| Department No.|
   +--------------+---------------+
   | SMITH        |           20  |
   | ALLEN        |           30  |
   | JONES        |           40  |
   | BLAKE        |           30  |
   | SCOTT        |           20  |
   | FORD         |           40  |
   +--------------+---------------+
   6 rows in set
   ```

* You can add the `DISTINCT` keyword in a query statement to deduplicate the query results. 

   ```sql
   obclient> SELECT deptno FROM emp;
   +--------+
   | deptno |
   +--------+
   |     20 |
   |     30 |
   |     40 |
   |     30 |
   |     20 |
   |     40 |
   +--------+
   6 rows in set

   obclient> SELECT DISTINCT deptno FROM emp;
   +--------+
   | deptno |
   +--------+
   |     20 |
   |     30 |
   |     40 |
   +--------+
   3 rows in set
   ```

* You can use the `LIMIT` keyword to limit the number of rows returned per page. This feature is used to specify the number of pages to be returned. 

   ```sql
   obclient> SELECT empname, deptno FROM emp LIMIT 3;
   +---------+--------+
   | empname | deptno |
   +---------+--------+
   | SMITH   |     20 |
   | ALLEN   |     30 |
   | JONES   |     40 |
   +---------+--------+
   3 rows in set
   ```

### Query calculated values

You can process the data of specified columns in a query. 

Examples:

* Deduct the queried values of the `sal` column by 100 and then generate the result set.

   ```sql
   obclient> SELECT empname, sal-100, deptno FROM emp;
   +---------+---------+--------+
   | empname | sal-100 | deptno |
   +---------+---------+--------+
   | SMITH   |  700.00 |     20 |
   | ALLEN   | 1500.00 |     30 |
   | JONES   | 2875.00 |     40 |
   | BLAKE   | 2750.00 |     30 |
   | SCOTT   | 2900.00 |     20 |
   | FORD    | 2900.00 |     40 |
   +---------+---------+--------+
   6 rows in set
   ```

* Display the values of the `empname` column in lowercase. 

   ```sql
   obclient> SELECT LOWER(empname), sal, deptno FROM emp;
   +---------+---------+--------+
   | empname | sal-100 | deptno |
   +---------+---------+--------+
   | smith   |  800.00 |     20 |
   | allen   | 1600.00 |     30 |
   | jones   | 2975.00 |     40 |
   | blake   | 2850.00 |     30 |
   | scott   | 3000.00 |     20 |
   | ford    | 3000.00 |     40 |
   +---------+---------+--------+
   6 rows in set
   ```

In addition, you can use the `WHERE` condition to query specified columns. For more information, see [Conditional queries](../400.read-data-of-mysql-mode/300.conditional-query-of-mysql-mode.md). 

For more information, see [Use operators and functions in queries](800.use-operators-and-functions-in-query-of-mysql-mode/100.use-arithmetic-operators-in-queries-of-mysql-mode.md). 
