# 提交事务

提交一个事务会让事务的修改持久化生效，清除保存点并释放事务所持有的所有锁。

## 语句语法格式

OceanBase 数据库提交事务可以显式使用也可以隐式使用。显式的提交事务，需要使用 `COMMIT` 语句或者使用提交按钮（在图形化客户端工具中）结束事务；隐式提交时不需要主动提交，当配置项 autocommit 值为 1 时，此时每条语句执行结束后，OceanBase 数据库将会自动的把这条语句所在的事务提交，一条语句就是一个事务。

>**说明**
>
>OceanBase 数据库会在 DDL 语句前和后隐式的发起一个 `COMMIT` 语句，也会提交事务。

* 如果使用 `BEGIN` 开启一个事务，执行 DML 语句后需要使用 `COMMIT` 提交事务。

  * 在您提交事务之前：

    * 您的修改只对当前会话可见，对其他数据库会话是不可见的。

    * 您的修改没有持久化，所以不是最终的，可以用 `ROLLBACK` 语句回滚这些修改。

  * 在您提交事务之后：

    * 您的修改对所有数据库会话可见。

      >**说明**
      >
      >如果事务隔离级别设置了可重复读，则已经开启事务的会话无法查询到新提交的数据。

    * 您的修改持久化成功，不可以用 `ROLLBACK` 语句回滚这些修改。

* 如果隐式地使用事务（开启自动提交事务，即 autocommit 值是 1），则一条 SQL 就是一个事务，不再需要提交事务。SQL 执行后您的修改即持久化成功，不可以用 `ROLLBACK` 语句回滚这些修改。

## 示例

### 显式提交一个事务

以下示例通过 `BEGIN` 开始一个事务，然后使用 `INSERT` 语句在表 t_insert 中插入数据，最后通过 `COMMIT` 语句提交。退出数据后重新登录，查看表数据已正确插入并保存成功。

```sql
obclient> BEGIN;
Query OK, 0 rows affected 

obclient> INSERT INTO t_insert(id,name) VALUES(4,'JP');
Query OK, 1 row affected 

obclient> COMMIT;
Query OK, 0 rows affected 

obclient> exit;

$obclient -h192.168.0.0 -utpcc@obbmsql#obdemo -P2883 -p******  TPCC
Type 'help;' or '\h' for help. Type '\c' to clear the current input statement.

obclient> SELECT * FROM t_insert;
+----+------+-------+---------------------+
| ID | NAME | VALUE | GMT_CREATE          |
+----+------+-------+---------------------+
|  1 | CN   | 10001 | 1970-01-01 17:52:31 |
|  2 | US   | 10002 | 1970-01-01 17:52:38 |
|  3 | EN   | 10003 | 1970-01-01 17:52:38 |
|  4 | JP   |  NULL | 1970-01-01 17:53:34 |
+----+------+-------+---------------------+
4 rows in set
```

### 隐式提交事务

配置 autocommit 参数为 1 时，开启自动提交。

```sql
obclient> SET autocommit=1;

obclient> INSERT INTO t_insert(id,name) VALUES(4,'JP');
Query OK, 1 row affected 

obclient> exit;

$obclient -h192.168.0.0 -utpcc@obbmsql#obdemo -P2883 -p******  TPCC
Type 'help;' or '\h' for help. Type '\c' to clear the current input statement.

obclient> SELECT * FROM t_insert;
+----+------+-------+---------------------+
| ID | NAME | VALUE | GMT_CREATE          |
+----+------+-------+---------------------+
|  1 | CN   | 10001 | 1970-01-01 17:52:31 |
|  2 | US   | 10002 | 1970-01-01 17:52:38 |
|  3 | EN   | 10003 | 1970-01-01 17:52:38 |
|  4 | JP   |  NULL | 1970-01-01 17:53:34 |
+----+------+-------+---------------------+
4 rows in set
```
