About transaction timeout 
==============================================



OceanBase designs two timeout mechanisms to prevent transactions from holding locks for a long time and affecting other sessions: idle transaction timeout and uncommitted transaction timeout. You use the ob_trx_idle_timeout and ob_trx_timeout variables to respectively control the timeout values in these two mechanisms. Default values: 120 seconds for idle transaction timeout and 100 seconds for uncommitted transaction timeout. Typically, only one timeout mechanism is triggered. 
**Note**



We recommend that you use the default value for the ob_trx_idle_timeout variable.

```javascript
obclient> show variables where variable_name in ('ob_trx_idle_timeout','ob_trx_timeout');
+---------------------+-----------+
| VARIABLE_NAME       | VALUE     |
+---------------------+-----------+
| ob_trx_idle_timeout | 120000000 |
| ob_trx_timeout      | 100000000 |
+---------------------+-----------+
2 rows in set (0.00 sec)
```





About idle transaction timeout 
---------------------------------------

When a transaction is not committed after remaining idle for a specified period, OceanBase Database automatically disconnects the session and rolls back the transaction. In this case, you need to reconnect to the session. 

The threshold value for idle transaction timeout is determined by the ob_trx_idle_timeout variable. We recommend that you use the default value of 120 seconds for this variable. A session is disconnected if it remains idle for a period between 100s and 100s + ob_trx_idle_timeout. 

#### Example: An error occurred when the idle transaction timeout is reached 

The following example sets the idle transaction timeout to 120 seconds and the uncommitted transaction timeout to 1,000 seconds. When a transaction remains idle for 120 seconds, OceanBase Database automatically disconnects the session and rolls back the transaction. 

```javascript
obclient> DROP TABLE IF EXISTS t_insert; 
Query OK, 0 rows affected (0.01 sec)

obclient> CREATE TABLE t_insert(
    id bigint NOT NULL PRIMARY KEY auto_increment
    , name varchar(10) NOT NULL
    , value bigint
    ,gmt_create timestamp NOT NULL DEFAULT current_timestamp
);
Query OK, 0 rows affected (0.05 sec)

obclient> INSERT INTO t_insert(name, value) values('CN',NULL),('UK',NULL),('US',NULL);
Query OK, 3 rows affected (0.00 sec)
Records: 3  Duplicates: 0  Warnings: 0

obclient> select now(), * from t_insert t;
+---------------------+----+------+-------+---------------------+
| now()               | id | name | value | gmt_create          |
+---------------------+----+------+-------+---------------------+
| 2020-04-03 16:54:51 |  1 | CN   |  NULL | 2020-04-03 16:54:49 |
| 2020-04-03 16:54:51 |  2 | UK   |  NULL | 2020-04-03 16:54:49 |
| 2020-04-03 16:54:51 |  3 | US   |  NULL | 2020-04-03 16:54:49 |
+---------------------+----+------+-------+---------------------+
3 rows in set (0.00 sec)

obclient> set session ob_trx_timeout=1000000000;
Query OK, 0 rows affected (0.00 sec)

obclient> set session ob_trx_idle_timeout=120000000;
Query OK, 0 rows affected (0.00 sec)

obclient> begin;
Query OK, 0 rows affected (0.00 sec)

obclient> update t_insert set gmt_create=now() where id=3;
Query OK, 1 row affected (0.00 sec)
Rows matched: 1  Changed: 1  Warnings: 0

obclient> select now(), t.* from t_insert t;
+---------------------+----+------+-------+---------------------+
| now()               | id | name | value | gmt_create          |
+---------------------+----+------+-------+---------------------+
| 2020-04-03 16:55:30 |  1 | CN   |  NULL | 2020-04-03 16:54:49 |
| 2020-04-03 16:55:30 |  2 | UK   |  NULL | 2020-04-03 16:54:49 |
| 2020-04-03 16:55:30 |  3 | US   |  NULL | 2020-04-03 16:55:25 |
+---------------------+----+------+-------+---------------------+
3 rows in set (0.00 sec)

<<Wait for 100s without operation>>

obclient> select now(), t.* from t_insert t;
ERROR-02013: Lost connection to MySQL server during query
obclient> select now(), * from t_insert t;
ERROR-02006: MySQL server has gone away
No connection. Trying to reconnect...
Connection id:    53246
Current database: TPCC

+---------------------+----+------+-------+---------------------+
| now()               | id | name | value | gmt_create          |
+---------------------+----+------+-------+---------------------+
| 2020-04-03 16:57:41 |  1 | CN   |  NULL | 2020-04-03 16:54:49 |
| 2020-04-03 16:57:41 |  2 | UK   |  NULL | 2020-04-03 16:54:49 |
| 2020-04-03 16:57:41 |  3 | US   |  NULL | 2020-04-03 16:54:49 |
+---------------------+----+------+-------+---------------------+
3 rows in set (0.00 sec)
```





About uncommitted transaction timeout 
----------------------------------------------

When a transaction is not committed after a specified period, OceanBase Database returns a timeout error. To continue executing the SQL statement, the session needs to issue an explicit ROLLBACK command. 

The threshold value for uncommitted transaction timeout is determined by the ob_trx_timeout variable. 

#### Example: An error occurred when the uncommitted transaction timeout is reached 

The following example sets the idle transaction timeout to 120 seconds and the transaction timeout to 100 seconds. When a transaction remains uncommitted for 100 seconds, the transaction enters the timeout state and the lock is released. The session needs to explicitly issue a ROLLBACK statement. 

```javascript
obclient> set session ob_trx_timeout=100000000;
Query OK, 0 rows affected (0.00 sec)

obclient> set session ob_trx_idle_timeout=120000000;
Query OK, 0 rows affected (0.00 sec)

obclient> begin;
Query OK, 0 rows affected (0.00 sec)

obclient> update t_insert set gmt_create=sysdate() where id=3;
Query OK, 1 row affected (0.00 sec)
Rows matched: 1  Changed: 1  Warnings: 0

obclient> select now(), t.* from t_insert t;
+---------------------+----+------+-------+---------------------+
| now()               | id | name | value | gmt_create          |
+---------------------+----+------+-------+---------------------+
| 2020-04-03 16:59:56 |  1 | CN   |  NULL | 2020-04-03 16:54:49 |
| 2020-04-03 16:59:56 |  2 | UK   |  NULL | 2020-04-03 16:54:49 |
| 2020-04-03 16:59:56 |  3 | US   |  NULL | 2020-04-03 16:59:51 |
+---------------------+----+------+-------+---------------------+
3 rows in set (0.00 sec)

<<Wait for 120s without operation>>

obclient> select now(), t.* from t_insert t;
ERROR-00600: internal error code, arguments: -6210, Transaction is timeout
obclient> commit;
ERROR-00600: internal error code, arguments: -6210, Transaction is timeout
obclient> rollback;
Query OK, 0 rows affected (0.00 sec)

obclient> select now(), t.* from t_insert t;
+---------------------+----+------+-------+---------------------+
| now()               | id | name | value | gmt_create          |
+---------------------+----+------+-------+---------------------+
| 2020-04-03 17:04:13 |  1 | CN   |  NULL | 2020-04-03 16:54:49 |
| 2020-04-03 17:04:13 |  2 | UK   |  NULL | 2020-04-03 16:54:49 |
| 2020-04-03 17:04:13 |  3 | US   |  NULL | 2020-04-03 16:54:49 |
+---------------------+----+------+-------+---------------------+
3 rows in set (0.00 sec)
```


**Note**



We recommend that you do not set the uncommitted transaction timeout to less than 1 second.

