# Update data

After you insert data into a table, you can use the `UPDATE` statement to update the records in the table. This topic describes how to use related statements.

## Prerequisites

Before you update data, make sure that:

* You have logged on to an Oracle tenant of OceanBase Database. For more information, see [Connect to OceanBase Database](../1.database-connection-of-oracle-mode/1.connection-methods-overview-of-oracle-mode.md).

  <main id="notice" type='explain'>
   <h4>Note</h4>
   <p>You can query the <code>oceanbase.DBA_OB_TENANTS</code> view in the <code>sys</code> tenant for the mode of the tenant that you have logged on to.</p>
  </main>

* You have the `UPDATE` privilege on the target table. For more information about how to view the privileges of the current user, see [View user privileges](../../../7.reference/2.administrator-guide/2.basic-database-management/4.manage-tenants/9.manage-users-and-permissions/2.oracle-mode/4.view-the-user-permissions-of-oracle-mode.md). If you do not have the required privileges, request the administrator to grant the privileges. For more information, see [Modify user privileges](../../../7.reference/2.administrator-guide/2.basic-database-management/4.manage-tenants/9.manage-users-and-permissions/2.oracle-mode/5.modify-user-permissions-for-oralce-tenant-of-oracle-mode.md).

## Use the UPDATE statement to update data

Generally, the [UPDATE](../../../7.reference/4.development-reference/1.sql-syntax/3.common-tenant-of-oracle-mode/9.sql-statement-of-oracle-mode/2.dml-of-oracle-mode/6.update-of-oracle-mode.md) statement is used to update the data of a table.

Syntax:

```sql
UPDATE table_name
SET column_name = value [, column_name = value]...
[ WHERE condition ];
```

| Parameter | Required | Description |
|-----------------------------------------------|---------|------------------------------------------------------------------------|
| table_name | Yes | The table whose data is to be updated. |
| column_name = value \[, column_name = value\] | Yes | The column to be updated. The value after the equal sign (=) is the new value. |
| \[ WHERE condition \] | No | The condition for updating rows. If no condition is specified, all records corresponding to the column are updated.  |

### Update part of the records

You can update part of the records in a table.

Example 4: Update the value of the row whose `id` is `3` in the `name` column to `UK` in the `t_insert` table.

```shell
obclient [SYS]> SELECT * FROM t_insert;
+----+------+-------+------------+
| ID | NAME | VALUE | GMT_CREATE |
+----+------+-------+------------+
|  1 | CN   | 10002 | 31-OCT-22  |
|  2 | US   | 10004 | 31-OCT-22  |
|  3 | EN   | 10004 | 01-NOV-22  |
+----+------+-------+------------+
3 rows in set

obclient [SYS]>  UPDATE t_insert SET name = 'UK' WHERE id = 3;
Query OK, 1 rows affected
Rows matched: 1  Changed: 1  Warnings: 0

obclient [SYS]> SELECT * FROM t_insert;
+----+------+-------+------------+
| ID | NAME | VALUE | GMT_CREATE |
+----+------+-------+------------+
|  1 | CN   | 10002 | 31-OCT-22  |
|  2 | US   | 10004 | 31-OCT-22  |
|  3 | UK   | 10004 | 01-NOV-22  |
+----+------+-------+------------+
3 rows in set
```

However, if the table has a UNIQUE constraint, the update fails and the system returns an error when the new record is the same as the original one. Error example:

```shell
obclient [SYS]> SELECT * FROM t_insert;
+----+------+-------+------------+
| ID | NAME | VALUE | GMT_CREATE |
+----+------+-------+------------+
|  1 | CN   | 10002 | 31-OCT-22  |
|  2 | US   | 10004 | 31-OCT-22  |
|  3 | UK   | 10004 | 01-NOV-22  |
+----+------+-------+------------+
3 rows in set

obclient [SYS]> CREATE UNIQUE INDEX uk_name ON t_insert(name);
Query OK, 0 rows affected

obclient [SYS]> UPDATE t_insert SET name = 'US' where id = 3;
ORA-00001: unique constraint 'US' for key 'UK_NAME' violated
```

### Update all records

Example 1: Increase all values in the `value` column of the `t_insert` table by 1.

```shell
obclient [SYS]> SELECT * FROM t_insert;
+----+------+-------+------------+
| ID | NAME | VALUE | GMT_CREATE |
+----+------+-------+------------+
|  1 | CN   | 10001 | 31-OCT-22  |
|  2 | US   | 10002 | 31-OCT-22  |
|  3 | EN   | 10003 | 01-NOV-22  |
+----+------+-------+------------+
3 rows in set

obclient [SYS]> UPDATE t_insert SET value = value+1;
Query OK, 3 rows affected
Rows matched: 3  Changed: 3  Warnings: 0

obclient [SYS]> SELECT * FROM t_insert;
+----+------+-------+------------+
| ID | NAME | VALUE | GMT_CREATE |
+----+------+-------+------------+
|  1 | CN   | 10002 | 31-OCT-22  |
|  2 | US   | 10003 | 31-OCT-22  |
|  3 | EN   | 10004 | 01-NOV-22  |
+----+------+-------+------------+
3 rows in set
```

When you execute the `UPDATE` statement, make sure that the transaction is not excessively large. You can use the `WHERE` keyword to control the scope. When you execute an UPDATE statement that involves more than one hundred thousand records without using the WHERE clause, a large transaction is generated, which may cause the update to fail. Error returned due to a large transaction:

```shell
obclient [SYS]> UPDATE t_insert SET value = value+1;
ERROR 4012 (HY000): Timeout
```

Example 2: Update all columns whose `value` values are `10003` to `value+1` in the `t_insert` table.

```shell
obclient [SYS]> UPDATE t_insert SET value = value+1 WHERE value = 10003;
Query OK, 1 row affected
Rows matched: 1  Changed: 1  Warnings: 0
```

## Use DBLink to update data

The current OceanBase Database version allows you to use DBLink to update data in OceanBase Database in Oracle mode and Oracle databases.

Example: Use DBLink to update the value of the `C1` column in the `t2` table in the remote database to `3`.

```shell
obclient> SET ob_trx_timeout = 1000000000;
Query OK, 0 rows affected

obclient> SELECT * FROM t2@ob_dblink;
+------+------+
| C1   | C2   |
+------+------+
|    2 |    2 |
+------+------+
1 row in set

obclient> UPDATE t2@ob_dblink SET C1 = 3;
Query OK, 1 row affected

obclient> commit;
Query OK, 0 rows affected

obclient> SELECT * FROM t2@ob_dblink;
+------+------+
| C1   | C2   |
+------+------+
|    3 |    2 |
+------+------+
1 rows in set
```

## More information

* [Insert data](1.insert-data-of-oracle-mode.md)

* [Delete data](3.delete-data-of-oracle-mode.md)

* [Replace data](4.replace-data-of-oracle-mode.md)

* [Use a DBLink to modify data in a remote database](../../../7.reference/2.administrator-guide/3.database-object-management/2.manage-object-of-oracle-mode/9.manage-dblink-of-oracle-mode/4.update-data-in-remote-database-by-a-dblink-of-oracle-mode.md)
