Sets 
=========================



The set operations on a database can combine the results of multiple queries into a result set. The following list describes the set operations:

* UNION




<!-- -->

* INTERSECT




<!-- -->

* In ApsaraDB for OceanBase, EXCEPT and MINUS are supported and have the same semantics. The queries of a set operation must result in the same number of columns and compatible data types. For UNION, the available UNION attributes are ALL and DISTINCT or UNIQUE. ALL indicates that duplicated rows are allowed in the set. DISTINCT or UNIQUE indicates that duplicated rows are not allowed in the set. For other set operations, you can use the DISTINCT keyword only, and cannot use the ALL keyword. By default, DISTINCT is used for all set operations. ApsaraDB for OceanBase supports the ORDER BY and LIMIT clauses for set operations. Other clauses are not allowed, as shown in the following figure.




```javascript
OceanBase (root@test)> create table t1(a int primary key, b int, c int);
Query OK, 0 rows affected (0.16 sec)
OceanBase (root@test)> create table t2(a int primary key, b int, c int);
Query OK, 0 rows affected (0.10 sec)
--The ORDER BY and LIMIT clauses are supported in the UNION statement.
OceanBase (root@test)> (select * from t1 union all select * from t2) order by a limit 10;
Empty set (0.02 sec)
--Other clauses such as GROUP BY are not supported in the UNION statement, except the ORDER BY and LIMIT clauses.
OceanBase (root@test)> OceanBase (root@test)> (select * from t1 union all select * from t2) group by a limit 10;
ERROR 1064 (42000): You have an error in your SQL syntax; check the manual that corresponds to your OceanBase version for the right syntax to use near 'OceanBase (root@test)> (select * from t1 union all select * from t2) group by a ' at line 1
```





Example of the UNION statement 
---------------------------------------

This example returns all the unique rows in t1 and t2.

```javascript
OceanBase (root@test)> create table t1(a int, b int, c int);
Query OK, 0 rows affected (0.12 sec)
OceanBase (root@test)> create table t2(a int, b int, c int);
Query OK, 0 rows affected (0.11 sec)
OceanBase (root@test)> insert into t1 values (1,1,1),(2,2,2),(3,3,3);
Query OK, 3 rows affected (0.07 sec)
Records: 3  Duplicates: 0  Warnings: 0
OceanBase (root@test)> insert into t2 values (2,2,2),(3,3,3),(4,4,4);
Query OK, 3 rows affected (0.02 sec)
Records: 3  Duplicates: 0  Warnings: 0
OceanBase (root@test)> select * from t1 union select * from t2;
+------+------+------+
| a    | b    | c    |
+------+------+------+
|    1 |    1 |    1 |
|    2 |    2 |    2 |
|    3 |    3 |    3 |
|    4 |    4 |    4 |
+------+------+------+
4 rows in set (0.01 sec)
```





Example of the UNION ALL statement 
-------------------------------------------

This example returns all rows in t1 and t2 including duplicate rows.

```javascript
OceanBase (root@test)> create table t1(a int, b int, c int);
Query OK, 0 rows affected (0.12 sec)
OceanBase (root@test)> create table t2(a int, b int, c int);
Query OK, 0 rows affected (0.11 sec)
OceanBase (root@test)> insert into t1 values (1,1,1),(2,2,2),(3,3,3);
Query OK, 3 rows affected (0.07 sec)
Records: 3  Duplicates: 0  Warnings: 0
OceanBase (root@test)> insert into t1 values (2,2,2),(3,3,3),(4,4,4);
Query OK, 3 rows affected (0.02 sec)
Records: 3  Duplicates: 0  Warnings: 0
OceanBase (root@test)> select * from t1 union all select * from t2;
+------+------+------+
| a    | b    | c    |
+------+------+------+
|    1 |    1 |    1 |
|    2 |    2 |    2 |
|    3 |    3 |    3 |
|    2 |    2 |    2 |
|    3 |    3 |    3 |
|    4 |    4 |    4 |
+------+------+------+
6 rows in set (0.02 sec)
```





Example of the INTERSECT statement 
-------------------------------------------

This example returns rows that appear in both t1 and t2 without duplicate rows.

```javascript
OceanBase (root@test)> create table t1(a int, b int, c int);
Query OK, 0 rows affected (0.12 sec)
OceanBase (root@test)> create table t2(a int, b int, c int);
Query OK, 0 rows affected (0.12 sec)
OceanBase (root@test)> insert into t1 values (1,1,1),(2,2,2),(3,3,3);
Query OK, 3 rows affected (0.02 sec)
Records: 3  Duplicates: 0  Warnings: 0
OceanBase (root@test)> insert into t2 values (2,2,2),(3,3,3),(3,3,3),(4,4,4);
Query OK, 4 rows affected (0.01 sec)
Records: 4  Duplicates: 0  Warnings: 0
OceanBase (root@test)> select * from t1 intersect select * from t2;
+------+------+------+
| a    | b    | c    |
+------+------+------+
|    2 |    2 |    2 |
|    3 |    3 |    3 |
+------+------+------+
2 rows in set (0.01 sec)
```





Example of the EXCEPT or MINUS statement 
-------------------------------------------------

This example returns rows that appear in t1 but do not appear in t2 without duplicate rows.

```javascript
OceanBase (root@test)> create table t1(a int, b int, c int);
Query OK, 0 rows affected (0.12 sec)
OceanBase (root@test)> create table t2(a int, b int, c int);
Query OK, 0 rows affected (0.12 sec)
OceanBase (root@test)> insert into t1 values (1,1,1),(2,2,2),(3,3,3);
Query OK, 3 rows affected (0.02 sec)
Records: 3  Duplicates: 0  Warnings: 0
OceanBase (root@test)> insert into t2 values (2,2,2),(3,3,3),(3,3,3),(4,4,4);
Query OK, 4 rows affected (0.01 sec)
Records: 4  Duplicates: 0  Warnings: 0
OceanBase (root@test)> select * from t1 except select * from t2;
+------+------+------+
| a    | b    | c    |
+------+------+------+
|    1 |    1 |    1 |
+------+------+------+
1 row in set (0.02 sec)
```


