Update data 
================================

Use the `UPDATE` statement to modify the field values in a table. 

Example:

Create Tables `t1` and `t2`. 

```sql
obclient> CREATE TABLE t1(c1 int primary key, c2 int);
Query OK, 0 rows affected (0.16 sec)
obclient> INSERT t1 VALUES(1,1),(2,2),(3,3),(4,4);
Query OK, 4 rows affected (0.02 sec)
Records: 4  Duplicates: 0  Warnings: 0
obclient> SELECT * FROM t1;
+----+------+
| c1 | c2   |
+----+------+
|  1 |    1 |
|  2 |    2 |
|  3 |    3 |
|  4 |    4 |
+----+------+
4 rows in set (0.06 sec)

obclient> CREATE TABLE t2(c1 int primary key, c2 int) partition by key(c1) partitions 4;
Query OK, 0 rows affected(0.19 sec)
obclient> INSERT t2 VALUES(5,5),(1,1),(2,2),(3,3);
Query OK, 4 rows affected (0.01 sec)
Records: 4  Duplicates: 0  Warnings: 0
obclient> SELECT * FROM t2;
+----+------+
| c1 | c2   |
+----+------+
|  5 |    5 |
|  1 |    1 |
|  2 |    2 |
|  3 |    3 |
+----+------+
4 rows in set (0.02 sec)
```



* For the row where `t1.c1 = 1` in Table `t1`, set its value in Column `c2` to `100`. 

  ```sql
  obclient> UPDATE t1 SET t1.c2 = 100 WHERE t1.c1 = 1;
  Query OK, 1 row affected (0.02 sec)
  Rows matched: 1  Changed: 1  Warnings: 0
  
  obclient> SELECT * FROM t1;
  +----+------+
  | c1 | c2   |
  +----+------+
  |  1 |  100 |
  |  2 |    2 |
  |  3 |    3 |
  |  4 |    4 |
  +----+------+
  4 rows in set (0.01 sec)
  ```

  

* For the first two rows sorted by Column `c2` in Table `t1`, set their values in Column `c2` to `100`. 

  ```sql
  obclient> UPDATE t1 set t1.c2 = 100 ORDER BY c2 LIMIT 2;
  Query OK, 2 rows affected (0.02 sec)
  Rows matched: 2  Changed: 2  Warnings: 0
  
  obclient> SELECT * FROM t1;
  +----+------+
  | c1 | c2   |
  +----+------+
  |  1 |  100 |
  |  2 |  100 |
  |  3 |    3 |
  |  4 |    4 |
  +----+------+
  4 rows in set (0.01 sec)
  ```

  

* In Partition `p2` of Table `t2`, for rows where `t2.c1 > 2`, set their values in Column `c2` to `100`. 

  ```sql
  obclient> SELECT * FROM t2 partition (p2);
  +----+------+
  | c1 | c2   |
  +----+------+
  |  1 |    1 |
  |  2 |    2 |
  |  3 |    3 |
  +----+------+
  3 rows in set (0.01 sec)
  
  obclient> UPDATE t2 partition(p2) SET t2.c2 = 100 WHERE t2.c1 > 2;
  Query OK, 1 row affected (0.02 sec)
  Rows matched: 1  Changed: 1  Warnings: 0
  
  obclient> SELECT * FROM t2 partition (p2);
  +----+------+
  | c1 | c2   |
  +----+------+
  |  1 |    1 |
  |  2 |    2 |
  |  3 |  100 |
  +----+------+
  3 rows in set (0.00 sec)
  ```

  

* Update two or more tables. For rows where `t1.c2 = t2.c2` in Tables `t1` and `t2`, set the values of Column `c2` in Table `t1` to `100`, and the values of Column `c2` in Table `t2` to `200`. 

  ```sql
  obclient> UPDATE t1,t2 SET t1.c2 = 100, t2.c2 = 200 WHERE t1.c2 = t2.c2;
  Query OK, 6 rows affected (0.03 sec)
  Rows matched: 6  Changed: 6  Warnings: 0
  
  obclient> SELECT * FROM t1;
  +----+------+
  | c1 | c2   |
  +----+------+
  |  1 |  100 |
  |  2 |  100 |
  |  3 |  100 |
  |  4 |    4 |
  +----+------+
  4 rows in set (0.00 sec)
  
  obclient> SELECT * FROM t2;
  +----+------+
  | c1 | c2   |
  +----+------+
  |  5 |    5 |
  |  1 |  200 |
  |  2 |  200 |
  |  3 |  200 |
  +----+------+
  4 rows in set (0.01 sec)
  ```

  




For more information on the syntax of the `UPDATE` statement, see the "[UPDATE](../../11.sql-reference-en/5.sql-statements/59.sql-statements-update.md)" topic in SQL Reference.
